,Unnamed: 0.1,Unnamed: 0,classifier,train_score,Aspergillus_score,Candida_score,Fusarium_score,Penicillum_score
0,0.0,,Decision Tree,1.0,0.7610358043342498,0.993821274759368,0.9853812169863598,0.9999631935711436
0,,,Logistic Regression,0.99732,0.9791787055296279,0.9998512907091683,0.9302106263885429,0.9969113271784805
