classifier,train_score,test_score,Aspergillus_score,Candida_score,Fusarium_score,Penicillum_score
Decision Tree,1.0,0.9350503724127803,0.7610358043342498,0.993821274759368,0.9853812169863598,0.9999631935711436
Logistic Regression,0.99732,0.976537987451455,0.979178705529628,0.9998512907091684,0.9302106263885428,0.9969113271784804
RandomForest,1.0,0.9706017565011618,0.8960852856805985,1.0,0.9863217403240484,1.0
